{
  "project_info": {
    "project_number": "1035048558864",
    "project_id": "prohandy-xgenious",
    "storage_bucket": "prohandy-xgenious.appspot.com"
  },
  "client": [
    {
      "client_info": {
        "mobilesdk_app_id": "1:1035048558864:android:c2af1851edd5afb8e6c595",
        "android_client_info": {
          "package_name": "com.xgenious.prohandy_client"
        }
      },
      "oauth_client": [],
      "api_key": [
        {
          "current_key": "AIzaSyBQLipF-WE-LxjWvblcjmimFesMsE7-urc"
        }
      ],
      "services": {
        "appinvite_service": {
          "other_platform_oauth_client": []
        }
      }
    },
    {
      "client_info": {
        "mobilesdk_app_id": "1:1035048558864:android:78558e21c2a98311e6c595",
        "android_client_info": {
          "package_name": "com.xgenious.prohandy_provider"
        }
      },
      "oauth_client": [],
      "api_key": [
        {
          "current_key": "AIzaSyBQLipF-WE-LxjWvblcjmimFesMsE7-urc"
        }
      ],
      "services": {
        "appinvite_service": {
          "other_platform_oauth_client": []
        }
      }
    }
  ],
  "configuration_version": "1"
}