{"nm":"ÐÐ°ÐºÐµÑ ÑÐºÑÐ°Ð½Ð° Ð¿Ð¾Ð¸ÑÐºÐ° ÑÐ¾ÑÐ¾","ddd":0,"h":346,"w":346,"meta":{"g":"@lottiefiles/toolkit-js 0.26.1"},"layers":[{"ty":4,"nm":"st01","sr":1,"st":0,"op":125,"ip":0,"hd":false,"ddd":0,"bm":0,"hasMask":false,"ao":0,"ks":{"a":{"a":0,"k":[33.531,25.969,0],"ix":1},"s":{"a":0,"k":[100,100,100],"ix":6},"sk":{"a":0,"k":0},"p":{"a":0,"k":[206.531,198.969,0],"ix":2},"r":{"a":1,"k":[{"o":{"x":0.167,"y":0.167},"i":{"x":0.833,"y":0.833},"s":[0],"t":0},{"o":{"x":0.167,"y":0.167},"i":{"x":0.833,"y":0.833},"s":[-360],"t":50},{"o":{"x":0.167,"y":0.167},"i":{"x":0.833,"y":0.833},"s":[-360],"t":61},{"o":{"x":0.167,"y":0.167},"i":{"x":0.833,"y":0.833},"s":[0],"t":62},{"s":[-360],"t":112}],"ix":10},"sa":{"a":0,"k":0},"o":{"a":0,"k":100,"ix":11}},"ef":[],"shapes":[{"ty":"gr","bm":0,"hd":false,"mn":"ADBE Vector Group","nm":"Shape 1","ix":1,"cix":2,"np":3,"it":[{"ty":"sh","bm":0,"hd":false,"mn":"ADBE Vector Shape - Group","nm":"Path 1","ix":1,"d":1,"ks":{"a":0,"k":{"c":true,"i":[[0.844,0.022],[0,0],[-0.688,0],[0.688,-0.875],[4.785,-0.248],[0,-1.406],[-3.469,0],[-3.219,4.938],[0,0],[0,0]],"o":[[-1.219,-0.031],[0,0],[0.922,1.359],[-0.688,0.875],[-4.219,0.219],[0,1.594],[2.503,0],[3.219,-4.938],[0,0],[0,0]],"v":[[48.531,18.25],[41,29],[44.984,28.984],[43.156,35.094],[35.5,39.188],[30.031,42],[35.5,44.688],[48.094,37.406],[51,28.984],[55.281,28.969]]},"ix":2}},{"ty":"fl","bm":0,"hd":false,"mn":"ADBE Vector Graphic - Fill","nm":"Fill 1","c":{"a":0,"k":[0.5725,0.6863,0.9373],"ix":4},"r":1,"o":{"a":0,"k":100,"ix":5}},{"ty":"tr","a":{"a":0,"k":[0,0],"ix":1},"s":{"a":0,"k":[100,100],"ix":3},"sk":{"a":0,"k":0,"ix":4},"p":{"a":0,"k":[0,0],"ix":2},"r":{"a":0,"k":0,"ix":6},"sa":{"a":0,"k":0,"ix":5},"o":{"a":0,"k":100,"ix":7}}]}],"ind":1},{"ty":4,"nm":"st02","sr":1,"st":0,"op":125,"ip":0,"hd":false,"ddd":0,"bm":0,"hasMask":false,"ao":0,"ks":{"a":{"a":0,"k":[32.281,27.594,0],"ix":1},"s":{"a":0,"k":[100,100,100],"ix":6},"sk":{"a":0,"k":0},"p":{"a":0,"k":[206.594,198.844,0],"ix":2},"r":{"a":1,"k":[{"o":{"x":0.167,"y":0.167},"i":{"x":0.833,"y":0.833},"s":[-180],"t":0},{"o":{"x":0.167,"y":0.167},"i":{"x":0.833,"y":0.833},"s":[-540],"t":50},{"o":{"x":0.167,"y":0.167},"i":{"x":0.833,"y":0.833},"s":[-540],"t":61},{"o":{"x":0.167,"y":0.167},"i":{"x":0.833,"y":0.833},"s":[-180],"t":62},{"s":[-540],"t":112}],"ix":10},"sa":{"a":0,"k":0},"o":{"a":0,"k":100,"ix":11}},"ef":[],"shapes":[{"ty":"gr","bm":0,"hd":false,"mn":"ADBE Vector Group","nm":"Shape 1","ix":1,"cix":2,"np":3,"it":[{"ty":"sh","bm":0,"hd":false,"mn":"ADBE Vector Shape - Group","nm":"Path 1","ix":1,"d":1,"ks":{"a":0,"k":{"c":true,"i":[[0.844,0.022],[0,0],[-0.688,0],[0.688,-0.875],[4.785,-0.248],[0,-1.406],[-3.469,0],[-3.219,4.938],[0,0],[0,0]],"o":[[-1.219,-0.031],[0,0],[0.922,1.359],[-0.688,0.875],[-4.219,0.219],[0,1.594],[2.503,0],[3.219,-4.938],[0,0],[0,0]],"v":[[48.531,18.25],[41,29],[44.984,28.984],[43.156,35.094],[35.5,39.188],[30.031,42],[35.5,44.688],[48.094,37.406],[51,28.984],[55.281,28.969]]},"ix":2}},{"ty":"fl","bm":0,"hd":false,"mn":"ADBE Vector Graphic - Fill","nm":"Fill 1","c":{"a":0,"k":[0.5725,0.6863,0.9373],"ix":4},"r":1,"o":{"a":0,"k":100,"ix":5}},{"ty":"tr","a":{"a":0,"k":[0,0],"ix":1},"s":{"a":0,"k":[100,100],"ix":3},"sk":{"a":0,"k":0,"ix":4},"p":{"a":0,"k":[0,0],"ix":2},"r":{"a":0,"k":0,"ix":6},"sa":{"a":0,"k":0,"ix":5},"o":{"a":0,"k":100,"ix":7}}]}],"ind":2},{"ty":4,"nm":"Shape Layer 5","sr":1,"st":0,"op":125,"ip":0,"hd":false,"ddd":0,"bm":0,"hasMask":false,"td":1,"ao":0,"ks":{"a":{"a":0,"k":[46.125,72.438,0],"ix":1},"s":{"a":0,"k":[100,100,100],"ix":6},"sk":{"a":0,"k":0},"p":{"a":1,"k":[{"o":{"x":0.167,"y":0.167},"i":{"x":0.833,"y":0.833},"s":[162.75,183,0],"t":0,"ti":[14.75,-50.5,0],"to":[-21,-41.5,0]},{"s":[204.25,183.875,0],"t":101}],"ix":2},"r":{"a":1,"k":[{"o":{"x":0.167,"y":0.167},"i":{"x":0.833,"y":0.833},"s":[-180],"t":8},{"o":{"x":0.167,"y":0.167},"i":{"x":0.833,"y":0.833},"s":[-360],"t":26},{"s":[-180],"t":39}],"ix":10},"sa":{"a":0,"k":0},"o":{"a":0,"k":100,"ix":11}},"ef":[],"shapes":[{"ty":"gr","bm":0,"hd":false,"mn":"ADBE Vector Group","nm":"Ellipse 1","ix":1,"cix":2,"np":3,"it":[{"ty":"el","bm":0,"hd":false,"mn":"ADBE Vector Shape - Ellipse","nm":"Ellipse Path 1","d":1,"p":{"a":0,"k":[0,0],"ix":3},"s":{"a":0,"k":[9.5,9.5],"ix":2}},{"ty":"fl","bm":0,"hd":false,"mn":"ADBE Vector Graphic - Fill","nm":"Fill 1","c":{"a":0,"k":[1,1,1],"ix":4},"r":1,"o":{"a":0,"k":100,"ix":5}},{"ty":"tr","a":{"a":0,"k":[0,0],"ix":1},"s":{"a":0,"k":[100,100],"ix":3},"sk":{"a":0,"k":0,"ix":4},"p":{"a":0,"k":[46.125,72.438],"ix":2},"r":{"a":0,"k":0,"ix":6},"sa":{"a":0,"k":0,"ix":5},"o":{"a":0,"k":100,"ix":7}}]}],"ind":3},{"ty":4,"nm":"Shape Layer 2","sr":1,"st":0,"op":125,"ip":0,"hd":false,"ddd":0,"bm":0,"tt":2,"hasMask":false,"ao":0,"ks":{"a":{"a":0,"k":[32.281,27.594,0],"ix":1},"s":{"a":0,"k":[100,100,100],"ix":6},"sk":{"a":0,"k":0},"p":{"a":0,"k":[206.594,198.844,0],"ix":2},"r":{"a":0,"k":-180,"ix":10},"sa":{"a":0,"k":0},"o":{"a":0,"k":100,"ix":11}},"ef":[],"shapes":[{"ty":"gr","bm":0,"hd":false,"mn":"ADBE Vector Group","nm":"Shape 2","ix":1,"cix":2,"np":3,"it":[{"ty":"sh","bm":0,"hd":false,"mn":"ADBE Vector Shape - Group","nm":"Path 1","ix":1,"d":1,"ks":{"a":0,"k":{"c":true,"i":[[0,0],[0.125,-4.031],[0,0],[-2.719,0],[1.976,-3.42],[2.344,0],[1.031,0.063],[1.906,0],[0.969,0.063],[2.969,0.062],[0,0],[0,-3.344],[-3.313,-0.031],[-2.813,0],[0,3],[0,2.875],[2.688,0.063]],"o":[[0,0],[-0.125,4.031],[0,0],[2.719,0],[-2.094,3.625],[-2.594,0],[-1.031,-0.063],[-1.876,0],[-0.967,-0.059],[-3,-0.063],[0,0],[0,3.344],[3.313,0.031],[2.813,0],[0,-3],[0,-2.875],[-2.688,-0.063]],"v":[[56.938,20.5],[57.75,28.375],[55.625,35.656],[83.75,35.688],[85.219,42.219],[69.219,65.188],[57.594,47.625],[49.219,57],[41.938,49.813],[33.188,52.25],[25.875,50.469],[25.875,82.777],[33.313,89.188],[88.813,89.063],[94.5,82.813],[94.375,27.063],[89.719,20.582]]},"ix":2}},{"ty":"fl","bm":0,"hd":false,"mn":"ADBE Vector Graphic - Fill","nm":"Fill 1","c":{"a":0,"k":[0.4392,0.5882,0.902],"ix":4},"r":1,"o":{"a":0,"k":100,"ix":5}},{"ty":"tr","a":{"a":0,"k":[0,0],"ix":1},"s":{"a":0,"k":[100,100],"ix":3},"sk":{"a":0,"k":0,"ix":4},"p":{"a":0,"k":[0,0],"ix":2},"r":{"a":0,"k":0,"ix":6},"sa":{"a":0,"k":0,"ix":5},"o":{"a":0,"k":100,"ix":7}}]}],"ind":4},{"ty":4,"nm":"Shape Layer 7","sr":1,"st":0,"op":125,"ip":0,"hd":false,"ddd":0,"bm":0,"hasMask":false,"ao":0,"ks":{"a":{"a":0,"k":[32.281,27.594,0],"ix":1},"s":{"a":0,"k":[100,100,100],"ix":6},"sk":{"a":0,"k":0},"p":{"a":0,"k":[185.469,181.344,0],"ix":2},"r":{"a":0,"k":-191,"ix":10},"sa":{"a":0,"k":0},"o":{"a":0,"k":50,"ix":11}},"ef":[],"shapes":[{"ty":"gr","bm":0,"hd":false,"mn":"ADBE Vector Group","nm":"Shape 2","ix":1,"cix":2,"np":3,"it":[{"ty":"sh","bm":0,"hd":false,"mn":"ADBE Vector Shape - Group","nm":"Path 1","ix":1,"d":1,"ks":{"a":0,"k":{"c":true,"i":[[0,0],[0.125,-4.031],[0,0],[-2.719,0],[1.976,-3.42],[2.344,0],[1.031,0.063],[1.906,0],[0.969,0.063],[2.969,0.062],[0,0],[0,-3.344],[-3.313,-0.031],[-2.813,0],[0,3],[0,2.875],[2.688,0.063]],"o":[[0,0],[-0.125,4.031],[0,0],[2.719,0],[-2.094,3.625],[-2.594,0],[-1.031,-0.063],[-1.876,0],[-0.967,-0.059],[-3,-0.063],[0,0],[0,3.344],[3.313,0.031],[2.813,0],[0,-3],[0,-2.875],[-2.688,-0.063]],"v":[[66.747,21.133],[67.75,28.027],[65.751,35.969],[83.75,35.688],[85.219,42.219],[69.219,65.188],[57.594,47.625],[49.219,57],[41.938,49.813],[33.188,52.25],[25.875,50.469],[25.875,82.777],[33.313,89.188],[88.813,89.063],[94.5,82.813],[94.375,27.063],[89.719,20.582]]},"ix":2}},{"ty":"fl","bm":0,"hd":false,"mn":"ADBE Vector Graphic - Fill","nm":"Fill 1","c":{"a":0,"k":[0.5647,0.6588,0.8588],"ix":4},"r":1,"o":{"a":0,"k":100,"ix":5}},{"ty":"tr","a":{"a":0,"k":[0,0],"ix":1},"s":{"a":0,"k":[100,100],"ix":3},"sk":{"a":0,"k":0,"ix":4},"p":{"a":0,"k":[0,0],"ix":2},"r":{"a":0,"k":0,"ix":6},"sa":{"a":0,"k":0,"ix":5},"o":{"a":0,"k":100,"ix":7}}]}],"ind":5}],"v":"5.4.2","fr":25,"op":125,"ip":0,"assets":[]}