{
    "State": "الدولة",
    "City": "المدينة",
    "Select a state": "اختر دولة",
    "Search area": "ابحث عن منطقة",
    "No results found": "لم يتم العثور على نتائج",
    "Select area": "اختر منطقة",
    "Select File": "اختر ملف",
    "File removed": "تم إزالة الملف",
    "File selected": "تم اختيار الملف",
    "Failed to select the file.": "فشل في اختيار الملف.",
    "No file selected": "لم يتم اختيار أي ملف",
    "Remove file": "إزالة الملف",
    "Oops": "عذراً",
    "No connection found": "لم يتم العثور على اتصال",
    "Retry": "أعد المحاولة",
    "Pull up to load more": "اسحب لأعلى لتحميل المزيد",
    "Translating text": "ترجمة النص",
    "Cancel": "إلغاء",
    "Okay!": "حسنًا!",
    "Order Id": "رقم الطلب",
    "Invalid Url": "رابط غير صالح",
    "Request time out.": "انتهت مهلة الطلب.",
    "Search state": "بحث عن الدولة",
    "Select state": "اختر دولة",
    "Select Date": "اختر تاريخ",
    "By creating an account you agree to the": "بإنشاء حساب، فإنك توافق على",
    "Terms and Conditions": "الشروط والأحكام",
    "and": "و",
    "Privacy Policy": "سياسة الخصوصية",
    "Skip": "تخطي",
    "Continue": "متابعة",
    "Press again to exit.": "اضغط مرة أخرى للخروج.",
    "Home": "الرئيسية",
    "Orders": "الطلبات",
    "Message": "رسالة",
    "Jobs": "الوظائف",
    "Profile": "الملف الشخصي",
    "Category": "الفئة",
    "Sliders": "الشرائح",
    "Post A Job": "نشر وظيفة",
    "Didn't find what you were looking for?": "لم تجد ما كنت تبحث عنه؟",
    "I'm looking for": "أبحث عن",
    "Service": "الخدمة",
    "Handyman": "حرفي",
    "Rating": "التقييم",
    "Price Range": "نطاق السعر",
    "I'm looking service in": "أبحث عن خدمة في",
    "Select city": "اختر مدينة",
    "Search city": "بحث عن مدينة",
    "Service units": "وحدات الخدمة",
    "Reset Filter": "إعادة تعيين الفلتر",
    "Apply Filter": "تطبيق الفلتر",
    "Results": "النتائج",
    "All": "الكل",
    "Booking": "الحجز",
    "Payment": "الدفع",
    "Pending": "قيد الانتظار",
    "Accepted": "تم القبول",
    "In-Progress": "قيد التنفيذ",
    "Complete": "مكتمل",
    "Canceled": "ملغي",
    "Order List": "قائمة الطلبات",
    "Messages": "الرسائل",
    "File": "ملف",
    "All Jobs": "جميع الوظائف",
    "Budget": "الميزانية",
    "Applied": "تم التقديم",
    "Job Details": "تفاصيل الوظيفة",
    "When?": "متى؟",
    "Where?": "أين؟",
    "Show more": "عرض المزيد",
    "Show less": "عرض أقل",
    "Applicants": "المتقدمون",
    "Shortlisted": "في القائمة المختصرة",
    "Hired": "تم التوظيف",
    "Rejected": "مرفوض",
    "All applications": "جميع الطلبات",
    "Match": "مطابقة",
    "Completion Rate": "معدل الإنجاز",
    "Offer Details": "تفاصيل العرض",
    "Job Completed": "تم إكمال الوظيفة",
    "Member Since": "عضو منذ",
    "Address": "العنوان",
    "Verification Status": "حالة التحقق",
    "Verified": "تم التحقق",
    "Not Verified": "غير محقق",
    "Cover Letter": "خطاب تغطية",
    "Reject": "رفض",
    "Hire Now": "التوظيف الآن",
    "Summary": "ملخص",
    "Phone": "الهاتف",
    "Offered": "عرضت",
    "Subtotal": "المجموع الفرعي",
    "Discount": "خصم",
    "Tax": "الضريبة",
    "Total": "المجموع",
    "Enter a title & choose job category you need": "أدخل عنواناً واختر فئة الوظيفة التي تحتاجها",
    "Job Title": "عنوان الوظيفة",
    "Enter job title": "أدخل عنوان الوظيفة",
    "Select category": "اختر فئة",
    "Search category": "بحث عن فئة",
    "Where do you need this": "أين تحتاج هذا",
    "Where": "أين",
    "Date selected": "تم اختيار التاريخ",
    "Failed to select the date": "فشل في اختيار التاريخ",
    "Select Time": "اختر الوقت",
    "Time selected": "تم اختيار الوقت",
    "Failed to select the time": "فشل في اختيار الوقت",
    "No time selected": "لم يتم اختيار وقت",
    "Time": "الوقت",
    "Date": "التاريخ",
    "Job Description": "وصف الوظيفة",
    "Write about your job": "اكتب عن وظيفتك",
    "Enter your budget": "أدخل ميزانيتك",
    "Description": "الوصف",
    "Enter description": "أدخل الوصف",
    "Add Photo": "أضف صورة",
    "View": "عرض",
    "Remove": "إزالة",
    "Upload Photos": "تحميل الصور",
    "Upload relevant photos to help understand what you need": "قم بتحميل الصور ذات الصلة للمساعدة في فهم ما تحتاجه",
    "Back": "عودة",
    "Edit": "تعديل",
    "Post Job": "نشر وظيفة",
    "Are you sure?": "هل أنت متأكد؟",
    "Congrats!": "تهانينا!",
    "Your job has been posted. You will get application's after it gets approved by an admin": "تم نشر وظيفتك. ستتلقى الطلبات بعد موافقة المشرف",
    "Service Date": "تاريخ الخدمة",
    "Service Address": "عنوان الخدمة",
    "Signed in successfully": "تم تسجيل الدخول بنجاح",
    "Enter your email or username": "أدخل بريدك الإلكتروني أو اسم المستخدم",
    "Order Details": "تفاصيل الطلب",
    "Cancel Order": "إلغاء الطلب",
    "Job List": "قائمة الوظائف",
    "Provider details": "تفاصيل المزود",
    "Preferred Staffs": "الموظفون المفضلون",
    "Password changed successfully": "تم تغيير كلمة المرور بنجاح",
    "Sign out successfully": "تم تسجيل الخروج بنجاح",
    "Offers": "العروض",
    "Select from map": "اختر من الخريطة",
    "Enter address": "أدخل العنوان",
    "Address added successfully": "تمت إضافة العنوان بنجاح",
    "Edit address": "تعديل العنوان",
    "Address edited successfully": "تم تعديل العنوان بنجاح",
    "Remove address": "إزالة العنوان",
    "Address removed successfully": "تمت إزالة العنوان بنجاح",
    "Longpress and move to select location.": "اضغط مطولاً وحرك لاختيار الموقع.",
    "No jobs found": "لم يتم العثور على وظائف",
    "Select address": "اختر عنوان",
    "Enter a valid amount": "أدخل مبلغاً صالحاً",
    "Title must contain more then 10 characters": "يجب أن يحتوي العنوان على أكثر من 10 أحرف",
    "Description must contain more then 20 characters": "يجب أن يحتوي الوصف على أكثر من 20 حرفاً",
    "Service Details": "تفاصيل الخدمة",
    "Select a schedule": "اختر جدولاً",
    "Select staff": "اختر الموظفين",
    "Note": "ملاحظة",
    "Added to cart successfully": "تمت الإضافة إلى السلة بنجاح",
    "Remove from Cart": "إزالة من السلة",
    "Update Item": "تحديث العنصر",
    "Updated successfully": "تم التحديث بنجاح",
    "Item removed successfully": "تمت إزالة العنصر بنجاح",
    "Select payment info": "اختر معلومات الدفع",
    "Delivered": "تم التوصيل",
    "Declined": "تم الرفض",
    "Order not found": "لم يتم العثور على الطلب",
    "Payment update failed": "فشل تحديث الدفع",
    "N/A": "غير متوفر",
    "Open": "مفتوح",
    "Urgent": "عاجل",
    "Normal": "عادي",
    "High": "عالي",
    "Low": "منخفض",
    "Departments": "الأقسام",
    "Ticket created successfully": "تم إنشاء التذكرة بنجاح",
    "Title should be more then 4 characters": "يجب أن يحتوي العنوان على أكثر من 4 أحرف",
    "Write message...": "اكتب رسالة...",
    "No file choosen": "لم يتم اختيار ملف",
    "Notify via mail": "إبلاغ عبر البريد",
    "Send": "إرسال",
    "Download attachment": "تحميل المرفق",
    "Otp sent to mail successfully": "تم إرسال رمز التحقق عبر البريد بنجاح",
    "About You": "عن نفسك",
    "The name & date of birth should exactly match with your national identity card.": "يجب أن يتطابق الاسم وتاريخ الميلاد تماماً مع بطاقة الهوية الوطنية الخاصة بك.",
    "Enter a valid name": "أدخل اسماً صالحاً",
    "Date of Birth": "تاريخ الميلاد",
    "Profile setup": "إعداد الملف الشخصي",
    "Profile setup complete": "اكتمل إعداد الملف الشخصي",
    "File size exceeded": "تجاوز حجم الملف",
    "Profile info updated": "تم تحديث معلومات الملف الشخصي",
    "Select image": "اختر صورة",
    "Select a reason": "اختر سبباً",
    "Reason": "السبب",
    "Account deleted successfully": "تم حذف الحساب بنجاح",
    "Invalid email address": "عنوان بريد إلكتروني غير صالح",
    "Changed email successfully": "تم تغيير البريد الإلكتروني بنجاح",
    "+12300000000000": "+12300000000000",
    "Change phone successfully": "تم تغيير الهاتف بنجاح",
    "No order completed yet": "لم يتم إكمال أي طلب بعد",
    "Providers": "مزودون",
    "Set New Password": "تعيين كلمة مرور جديدة",
    "Pay Now": "ادفع الآن",
    "Payment Success": "نجاح الدفع",
    "Payment processed successfully": "تمت معالجة الدفع بنجاح",
    "Clear All": "مسح الكل",
    "Clear": "مسح",
    "Provider hired Successfully": "تم توظيف المزود بنجاح",
    "Payment Failed": "فشل الدفع",
    "Provider was hired successfully but the payment process have failed. Retry from order details or open a support ticket.": "تم توظيف المزود بنجاح، ولكن فشلت عملية الدفع. حاول مرة أخرى من تفاصيل الطلب أو افتح تذكرة دعم.",
    "Contact": "اتصال",
    "Enter a valid phone number": "أدخل رقم هاتف صالحاً",
    "Completion request history": "سجل طلبات الإكمال",
    "Requested for order completion": "طلب إكمال الطلب",
    "Order completion request accepted.": "تم قبول طلب إكمال الطلب.",
    "Order completion request declined.": "تم رفض طلب إكمال الطلب.",
    "Request in pending": "الطلب قيد الانتظار",
    "Complete Order": "إكمال الطلب",
    "Decline Request": "رفض الطلب",
    "Accept": "قبول",
    "Decline": "رفض",
    "Enter a valid reason.": "أدخل سبباً صالحاً.",
    "Enter order decline reason.": "أدخل سبب رفض الطلب.",
    "Suspended": "معلق",
    "Submit Review": "إرسال المراجعة",
    "Submit": "إرسال",
    "Comment": "تعليق",
    "Describe your experience": "وصف تجربتك",
    "OVerall rating for customer": "التقييم العام للعميل",
    "Tax info": "معلومات الضريبة",
    "Review submitted successfully": "تم إرسال المراجعة بنجاح",
    "Enter a comment about your experience": "أدخل تعليقاً عن تجربتك",
    "My review": "تقييمي",
    "Provider's review": "تقييم المزود",
    "Publish": "نشر",
    "Job publish status changed successfully": "تم تغيير حالة نشر الوظيفة بنجاح",
    "Job Published": "تم نشر الوظيفة",
    "Change": "تغيير",
    "Featured Services": "الخدمات المميزة",
    "Popular Services": "الخدمات الشعبية",
    "Search Service": "ابحث عن الخدمة",
    "Coupon applied successfully": "تم تطبيق القسيمة بنجاح",
    "Chat list": "قائمة الدردشة",
    "No conversation found.": "لم يتم العثور على محادثة.",
    "Attach file": "إرفاق ملف",
    "Select language": "اختر اللغة",
    "You": "أنت",
    "Provider not found": "لم يتم العثور على المزود",
    "COD": "الدفع عند التسليم",
    "Edit Job": "تعديل الوظيفة",
    "Loading images": "جارٍ تحميل الصور",
    "Job edited successfully": "تم تعديل الوظيفة بنجاح",
    "Job": "وظيفة",
    "Service not found": "لم يتم العثور على الخدمة",
    "Verification failed!": "فشلت عملية التحقق!",
    "Account created, but your email wasn't verified. You can sign in later using the same email and password, and verify then.": "تم إنشاء الحساب، لكن لم يتم التحقق من بريدك الإلكتروني. يمكنك تسجيل الدخول لاحقاً باستخدام البريد الإلكتروني وكلمة المرور نفسها، والتحقق بعد ذلك.",
    "Editing is not allowed after a provider is hired.": "لا يُسمح بالتعديل بعد توظيف المزود.",
    "Session expired": "انتهت الجلسة",
    "Enter a valid address.": "أدخل عنواناً صالحاً.",
    "Select a city": "اختر مدينة",
    "Select an area": "اختر منطقة",
    "Language changed successfully": "تم تغيير اللغة بنجاح",
    "No orders found!": "لم يتم العثور على طلبات!",
    "No favorites found!": "لم يتم العثور على مفضلات!",
    "No tickets found": "لم يتم العثور على تذاكر",
    "No ratings found!": "لم يتم العثور على تقييمات!",
    "Related services": "الخدمات ذات الصلة",
    "Sold": "مباع",
    "No FAQ added": "لم يتم إضافة أسئلة متكررة",
    "No addons found!": "لم يتم العثور على إضافات!",
    "No staff added!": "لم يتم إضافة موظفين!",
    "No offers found!": "لم يتم العثور على عروض!",
    "No service found!": "لم يتم العثور على خدمة!",
    "Offer rejected successfully": "تم رفض العرض بنجاح",
    "Hello 👋": "مرحباً 👋",
    "No service added yet.": "لم تتم إضافة خدمة بعد."
  }
  